{
    "$schema": "https://schema.management.azure.com/schemas/2015-01-01/deploymentTemplate.json#",
    "contentVersion": "1.0.0.0",
    "parameters": {
        "site_host_name": {
            "defaultValue": "",
            "type": "String",
            "metadata": {
                "description": "The host portion for the web app url (must be unique)."
            }
        },
        "app_svc_plan_name": {
            "defaultValue": "",
            "type": "String",
            "metadata": {
                "description": "The name of your app service plan."
            }
        }
    },
    "variables": {},
    "resources": [{
            "type": "Microsoft.Web/serverfarms",
            "sku": {
                "name": "S1",
                "tier": "Standard",
                "size": "S1",
                "family": "S",
                "capacity": 1
            },
            "kind": "linux",
            "name": "[parameters('app_svc_plan_name')]",
            "apiVersion": "2016-09-01",
            "location": "[resourceGroup().location]",
            "scale": null,
            "properties": {
                "name": "[parameters('app_svc_plan_name')]",
                "workerTierName": null,
                "adminSiteName": null,
                "hostingEnvironmentProfile": null,
                "perSiteScaling": false,
                "reserved": true,
                "targetWorkerCount": 0,
                "targetWorkerSizeId": 0
            },
            "dependsOn": []
        },
        {
            "type": "Microsoft.Web/sites",
            "kind": "app,linux",
            "name": "[parameters('site_host_name')]",
            "apiVersion": "2016-08-01",
            "location": "[resourceGroup().location]",
            "scale": null,
            "properties": {
                "enabled": true,
                "hostNameSslStates": [{
                        "name": "[concat(parameters('site_host_name'),'.azurewebsites.net')]",
                        "sslState": "Disabled",
                        "virtualIP": null,
                        "thumbprint": null,
                        "toUpdate": null,
                        "hostType": "Standard"
                    },
                    {
                        "name": "[concat(parameters('site_host_name'),'.scm.azurewebsites.net')]",
                        "sslState": "Disabled",
                        "virtualIP": null,
                        "thumbprint": null,
                        "toUpdate": null,
                        "hostType": "Repository"
                    }
                ],
                "serverFarmId": "[resourceId('Microsoft.Web/serverfarms', parameters('app_svc_plan_name'))]",
                "reserved": true,
                "siteConfig": null,
                "scmSiteAlsoStopped": false,
                "hostingEnvironmentProfile": null,
                "clientAffinityEnabled": true,
                "clientCertEnabled": false,
                "hostNamesDisabled": false,
                "containerSize": 0,
                "dailyMemoryTimeQuota": 0,
                "cloningInfo": null,
                "httpsOnly": false
            },
            "dependsOn": [
                "[resourceId('Microsoft.Web/serverfarms', parameters('app_svc_plan_name'))]"
            ]
        },
        {
            "type": "Microsoft.Web/sites/config",
            "name": "[concat(parameters('site_host_name'), '/', 'web')]",
            "apiVersion": "2016-08-01",
            "location": "[resourceGroup().location]",
            "scale": null,
            "properties": {
                "numberOfWorkers": 1,
                "defaultDocuments": [
                    "Default.htm",
                    "Default.html",
                    "Default.asp",
                    "index.htm",
                    "index.html",
                    "iisstart.htm",
                    "default.aspx",
                    "index.php",
                    "hostingstart.html"
                ],
                "netFrameworkVersion": "v4.0",
                "phpVersion": "",
                "pythonVersion": "",
                "nodeVersion": "",
                "linuxFxVersion": "NODE|8.0",
                "windowsFxVersion": null,
                "requestTracingEnabled": false,
                "remoteDebuggingEnabled": false,
                "remoteDebuggingVersion": null,
                "httpLoggingEnabled": false,
                "logsDirectorySizeLimit": 35,
                "detailedErrorLoggingEnabled": false,
                "publishingUsername": "[concat('$', parameters('site_host_name'))]",
                "publishingPassword": null,
                "appSettings": null,
                "azureStorageAccounts": {},
                "metadata": null,
                "connectionStrings": null,
                "machineKey": null,
                "handlerMappings": null,
                "documentRoot": null,
                "scmType": "None",
                "use32BitWorkerProcess": true,
                "webSocketsEnabled": false,
                "alwaysOn": false,
                "javaVersion": null,
                "javaContainer": null,
                "javaContainerVersion": null,
                "appCommandLine": "",
                "managedPipelineMode": "Integrated",
                "virtualApplications": [{
                    "virtualPath": "/",
                    "physicalPath": "site\\wwwroot",
                    "preloadEnabled": false,
                    "virtualDirectories": null
                }],
                "winAuthAdminState": 0,
                "winAuthTenantState": 0,
                "customAppPoolIdentityAdminState": false,
                "customAppPoolIdentityTenantState": false,
                "runtimeADUser": null,
                "runtimeADUserPassword": null,
                "loadBalancing": "LeastRequests",
                "routingRules": [],
                "experiments": {
                    "rampUpRules": []
                },
                "limits": null,
                "autoHealEnabled": false,
                "autoHealRules": null,
                "tracingOptions": null,
                "vnetName": "",
                "siteAuthEnabled": false,
                "siteAuthSettings": {
                    "enabled": null,
                    "unauthenticatedClientAction": null,
                    "tokenStoreEnabled": null,
                    "allowedExternalRedirectUrls": null,
                    "defaultProvider": null,
                    "clientId": null,
                    "clientSecret": null,
                    "clientSecretCertificateThumbprint": null,
                    "issuer": null,
                    "allowedAudiences": null,
                    "additionalLoginParams": null,
                    "isAadAutoProvisioned": false,
                    "googleClientId": null,
                    "googleClientSecret": null,
                    "googleOAuthScopes": null,
                    "facebookAppId": null,
                    "facebookAppSecret": null,
                    "facebookOAuthScopes": null,
                    "twitterConsumerKey": null,
                    "twitterConsumerSecret": null,
                    "microsoftAccountClientId": null,
                    "microsoftAccountClientSecret": null,
                    "microsoftAccountOAuthScopes": null
                },
                "cors": null,
                "push": null,
                "apiDefinition": null,
                "autoSwapSlotName": null,
                "localMySqlEnabled": false,
                "managedServiceIdentityId": null,
                "xManagedServiceIdentityId": null,
                "ipSecurityRestrictions": null,
                "http20Enabled": false,
                "minTlsVersion": "1.2",
                "ftpsState": "AllAllowed",
                "reservedInstanceCount": 0
            },
            "dependsOn": [
                "[resourceId('Microsoft.Web/sites', parameters('site_host_name'))]"
            ]
        },
        {
            "type": "Microsoft.Web/sites/slots",
            "kind": "app,linux",
            "name": "[concat(parameters('site_host_name'), '/', 'dev')]",
            "apiVersion": "2016-08-01",
            "location": "[resourceGroup().location]",
            "scale": null,
            "properties": {
                "enabled": true,
                "hostNameSslStates": [{
                        "name": "[concat(parameters('site_host_name'), '-', 'dev','.azurewebsites.net')]",
                        "sslState": "Disabled",
                        "virtualIP": null,
                        "thumbprint": null,
                        "toUpdate": null,
                        "hostType": "Standard"
                    },
                    {
                        "name": "[concat(parameters('site_host_name'), '-', 'dev','.scm.azurewebsites.net')]",
                        "sslState": "Disabled",
                        "virtualIP": null,
                        "thumbprint": null,
                        "toUpdate": null,
                        "hostType": "Repository"
                    }
                ],
                "serverFarmId": "[resourceId('Microsoft.Web/serverfarms', parameters('app_svc_plan_name'))]",
                "reserved": true,
                "siteConfig": null,
                "scmSiteAlsoStopped": false,
                "hostingEnvironmentProfile": null,
                "clientAffinityEnabled": true,
                "clientCertEnabled": false,
                "hostNamesDisabled": false,
                "containerSize": 0,
                "dailyMemoryTimeQuota": 0,
                "cloningInfo": null,
                "httpsOnly": false
            },
            "dependsOn": [
                "[resourceId('Microsoft.Web/sites', parameters('site_host_name'))]",
                "[resourceId('Microsoft.Web/serverfarms', parameters('app_svc_plan_name'))]"
            ]
        },
        {
            "type": "Microsoft.Web/sites/slots/config",
            "name": "[concat(parameters('site_host_name'), '/', 'dev', '/', 'web')]",
            "apiVersion": "2016-08-01",
            "location": "[resourceGroup().location]",
            "scale": null,
            "properties": {
                "numberOfWorkers": 1,
                "defaultDocuments": [
                    "Default.htm",
                    "Default.html",
                    "Default.asp",
                    "index.htm",
                    "index.html",
                    "iisstart.htm",
                    "default.aspx",
                    "index.php",
                    "hostingstart.html"
                ],
                "netFrameworkVersion": "v4.0",
                "phpVersion": "",
                "pythonVersion": "",
                "nodeVersion": "",
                "linuxFxVersion": "NODE|8.0",
                "windowsFxVersion": null,
                "requestTracingEnabled": false,
                "remoteDebuggingEnabled": false,
                "remoteDebuggingVersion": null,
                "httpLoggingEnabled": false,
                "logsDirectorySizeLimit": 35,
                "detailedErrorLoggingEnabled": false,
                "publishingUsername": "[concat('$', parameters('site_host_name'), '__dev')]",
                "publishingPassword": null,
                "appSettings": null,
                "azureStorageAccounts": {},
                "metadata": null,
                "connectionStrings": null,
                "machineKey": null,
                "handlerMappings": null,
                "documentRoot": null,
                "scmType": "None",
                "use32BitWorkerProcess": true,
                "webSocketsEnabled": false,
                "alwaysOn": false,
                "javaVersion": null,
                "javaContainer": null,
                "javaContainerVersion": null,
                "appCommandLine": "",
                "managedPipelineMode": "Integrated",
                "virtualApplications": [{
                    "virtualPath": "/",
                    "physicalPath": "site\\wwwroot",
                    "preloadEnabled": false,
                    "virtualDirectories": null
                }],
                "winAuthAdminState": 0,
                "winAuthTenantState": 0,
                "customAppPoolIdentityAdminState": false,
                "customAppPoolIdentityTenantState": false,
                "runtimeADUser": null,
                "runtimeADUserPassword": null,
                "loadBalancing": "LeastRequests",
                "routingRules": [],
                "experiments": {
                    "rampUpRules": []
                },
                "limits": null,
                "autoHealEnabled": false,
                "autoHealRules": null,
                "tracingOptions": null,
                "vnetName": "",
                "siteAuthEnabled": false,
                "siteAuthSettings": {
                    "enabled": null,
                    "unauthenticatedClientAction": null,
                    "tokenStoreEnabled": null,
                    "allowedExternalRedirectUrls": null,
                    "defaultProvider": null,
                    "clientId": null,
                    "clientSecret": null,
                    "clientSecretCertificateThumbprint": null,
                    "issuer": null,
                    "allowedAudiences": null,
                    "additionalLoginParams": null,
                    "isAadAutoProvisioned": false,
                    "googleClientId": null,
                    "googleClientSecret": null,
                    "googleOAuthScopes": null,
                    "facebookAppId": null,
                    "facebookAppSecret": null,
                    "facebookOAuthScopes": null,
                    "twitterConsumerKey": null,
                    "twitterConsumerSecret": null,
                    "microsoftAccountClientId": null,
                    "microsoftAccountClientSecret": null,
                    "microsoftAccountOAuthScopes": null
                },
                "cors": null,
                "push": null,
                "apiDefinition": null,
                "autoSwapSlotName": null,
                "localMySqlEnabled": false,
                "managedServiceIdentityId": null,
                "xManagedServiceIdentityId": null,
                "ipSecurityRestrictions": null,
                "http20Enabled": false,
                "minTlsVersion": "1.2",
                "ftpsState": "AllAllowed",
                "reservedInstanceCount": 0
            },
            "dependsOn": [
                "[resourceId('Microsoft.Web/sites', parameters('site_host_name'))]",
                "[resourceId('Microsoft.Web/sites/slots', parameters('site_host_name'), 'dev')]"
            ]
        }
    ]
}